ID,YEAR,VALUE,GEO,CORREL,AMBIG-WITN,CORRCODE,HUMAN WITNESS LOCATION,DECLONG,DECLAT,SOURCE,SOURCE-P,SOURCE SUMMARY,SITE_POS,SITE_NEG,SITE_TOT
1,1013,p,NEF-SEG,y?,2,a,Hildesheim (or Hersfeld),9.951001,52.150900,"Annales Altahenses maiores, ed. W. von Giesebrecht and E.L.B. von Oefele, MGH SRG [4] (Hanover 1891)",17,Ingens eruptio aquarum,1,0,1
5,1013,p,NEF-SEG,y?,2,a,Quedlinburg,11.142056,51.783564,"Annales Quedlinburgenses, ed. G.H. Pertz, MGH SS 3 (1839)",82,(refer to a flood on Tues 15.xii.1013),1,0,1
2,1013,p,NEF-SEG,y?,2,a,Regensburg,12.100904,49.016491,"Annales Ratisponenses, ed. W. Wattenbach MGH SS 17(1861)",17:584,insolita effusio fluminum,1,0,1
3,1013,p,NEF-SEG,y?,2,a,"Rhineland (Bonn taken as representative of ""Rhineland"")",7.096311,50.732704,"Thietmar of Merseburg, Chronicon, ed. R. Holtzmann, Die Chronik des Bischofs Thietmar von Merseburg, MGH SRG n.s. 6 (Berlin, 1935)",374,"(from A Quedl acc ed. --am not convinced the source is correct, Thietmar adds many more details-- but misplaced under 1012; Ann Quedl 82 refer to a flood on Tues 15.xii.1013)",1,0,1
4,1013,p,NEF-SEG,y?,2,a,Stockerau,16.208252,48.385146,"Passio Colomanni (BHL 1881), 7, ed. G. Waitz, MGH SS 4 (1841)",4:676,"Sequenti igitur anno Danubius effreni licentia littorum curva itinera devagatus. pleraque edificia suis viribus eruta funditus ingurgitavit, et queque loca sibi contigua estuantis diluvii copiis inebriavit; atrium autem basilice, iuxta quam beati Cholomanni cadaver requievit, tanta diluvies replevit, ut medietas ecclesie vix appareret. Set omnipotentis Dei clementia per famuli sui merita ostendite miracula, nostris quoque temporibus inaudita. Nam tumulus quo claudebatur corpus ipsius, aquarum diluvio non attingebatur penitus. (in the year after the St's murder on 18.x.1012, Danube flooded terribly, but his shrine was spared)",1,0,1
6,1037,p,NEF-SEG,y,1,a,Fleury,2.304973,47.810170,"Fragmentum historiae Francicae (Fragmenta Chronici Floriacensis), RHGF 11(1876)",160,"(Loire floods beyond its banks twice; season not specified, mentioned after solar eclipse post octavas Paschae, hour 1, i.e. sometime after ca. 18.iv)",1,0,1
7,1044,n,CE,n?,2,ab?,Corvey,9.408688,51.778534,"Annales Corbienses, ed. P. Jaffé, Bibliotheca rerum Germanicarum 1 (Berlin, 1864)",39,Vindemia hoc anno periit; sed et mel similiter carum fuit (wine harvest failed; honey similarly expensive). Testifies to poor growing conditions; cause not clear.,0,0,0
8,1044,n,CE,n?,2,b,Reichenau,9.063950,47.689449,"Herimann of Reichenau, Chronicon, ed. G.H. Pertz, MGH SS 5 (Hanover, 1844)",5:124,"Maxima pestis pecudum, et hiems satis dura et nivosa magnam vinearum partem frigore perdidit, et frugum sterilitas famem non modicam effecit. (Great murrain, fairly harsh and snowy winter killed many vines by freezing, and produced a famine which was not small). Implies at least heavy winter precipitation.",1,1,2
9,1052,p,SEG-NEG,y?,1,a,Niederalteich,13.025608,48.766113,"Annales Altahenses maiores, ed. W. von Giesebrecht and E.L.B. von Oefele, MGH SRG [4] (Hanover 1891)",48,"(poor grain harvest, poor, sour wine )",2,0,2
11,1068,p,SEG-NEG,y,1,a,Augsburg,10.894768,48.365457,"Annales Augustani, ed. G.H. Pertz MGH SS 3 (1839)",3:128,inundatio pluviarum (flood of rains),2,0,2
10,1068,p,SEG-NEG,y,0,a,Reichenau,9.063950,47.689449,"Berthold of Reichenau, Chronicon, ed. G.H. Pertz, MGH SS 3 (1839)",3:128,Totus ille annus pluvialis (rained whole year),1,1,2
12,1068,p,SEG-NEG,y,1,a,Wissembourg,7.945061,49.033682,"Annales Weissenburgenses, ed. O. Holder-Egger, Lamperti monachi Hersfeldensis opera, MGH SRG [38] (Hanover, 1894)",53,aquae inundaverunt (flood: unparalleled) magna et ante inaudita (failure of apple and grape harvest),1,0,1
13,1102,n,NEF-SEG,y,1,a,Augsburg,10.894768,48.365457,"Annales Augustani, ed. G.H. Pertz MGH SS 3 (1839)",3:135,(dark winter followed by dry windy spring ),2,0,2
14,1121,p,CE,n?,2,b,Prague,14.420460,50.087811,"Cosmas of Prague, Chronica Boemorum 3, 47 and 48 ed. B. Bretholz MGH SRG n.s. 2 (1923)",220,"Nimis attenuate sunt segetes propter nimiam siccitatem, que fuit per tres continuos menses, Marcium scilicet et Aprilem atque Maium. …Eiusdem anni fuit hiemps nimis ventosa et calida et aquarum inundatio magna. (Crops very deficient because of drought that lasted 3 months, i.e. March, April and May. WInter of that year was very windy and warm; there was great flooding.)",4,2,6
15,1163,p,SEG-NEG,y,0,a,Egmond aan Zee,4.627060,52.618545,"Annales Egmundenses, ed. O. Oppermann, Fontes Egmundenses,  Werken uitgegeven door het historisch Genootschap, 3, 61 (Utrecht, 1933)",169,"...a festivitate sancti Laurentii usque ad festum sancit Martini continua pluvia fuit, ita ut omnes pene fructus in agris putrefierent, annonae, fabae et pisae. (from the feast of St. Lawrence [viii.10] to that of St. Martin [xi.11], there was continuous rain such that nearly all the crops rotted in the fields: wheat, beans and peas.",2,0,2
16,1163,p,SEG-NEG,y,0,a,Erfurt,11.022399,50.973735,"Annales S. Petri Erphesfurtensis antiqui, ed. O. Holder-Egger MGH SRG [42] (1899)",20,Magda inundatio aquae fuit III. Non. Sept. (3.ix),2,0,2
17,1163,p,SEG-NEG,y,1,a,Kremsmünster,14.131480,48.053724,"Annales Mellicenses, Auctarium Cremifanense, ed. W. Wattenbach, MGH SS 9 (1851)",9:545,Multa inundatio aquarum hoc anno facta est.,1,0,1
18,1177,n,NEF-SEG,y,0,a,Anchin: Pecquencourt,3.215188,50.377544,"Continuatio Sigeberti Aquicinensis, ed. L. Bethmann, MGH SS 6",6:416,"Estas nimium fuit sicca et calida. Messis triticea provenit uberior solito. Post finem mensis Augusti, autumpnus nimis extitit pluvialis. Vindemia etiam ipsius temporis multis in locis corrupta est. Nam quadam matutinali nebula uve contacte atque ita putrefacte sunt, ut vinum ex eis expressum magnam bibentibus attulerit incommoditatem. Multi etiam in hac nostra regione diversis laborant febribus, multi et moriuntur. (drought and hot summer: grain harvest better than usual, rainy after ix.01, grapes rot)",1,0,1
19,1177,n,NEF-SEG,y,0,a,Limoges,1.261746,45.828522,"Geoffroi de Vigeois [de Bruil], Chronicon (Gaufredi Coenobitae Vosiensis) ed. RHGF 12 (1877)",435,…siccitas magna apud nos fuit mense sexto (great drought in June),1,0,1
20,1177,n,NEF-SEG,y,0,a,Mont-Saint-Michel,-1.511110,48.635800,"The Chronicle of Robert of Torigny, ed. R. Howlett, Rolls Series 82.4 (London, 1882)",27,great drought in summer and fall:,1,0,1
21,1177,n,NEF-SEG,y,0,a,Prague,14.420460,50.087811,"Annales Pragenses, ed. G.H. Pertz, MGH SS 3 (1839)",121,(great drought poor harvest),4,2,6
23,1210,p,NEF-SEG,y,0,a,Göttweig,15.610496,48.373265,"Annales Gotwicenses, ed. W. Wattenbach MGH SS 9 (1851 )",9:602,Hoc anno instante messe inundatio ............ non repente veniens sed paulatim crescens et pene per mensem dur ...... omnem annonam que satis larga creverat sub d ............. annichilans putrefecit. Danubius .............. non solum adiacentes verum etiam longe positas villas ......................(Danube flooded for 1 month at the beginning of harvest time),1,0,1
24,1210,p,NEF-SEG,y,0,a,Melk,15.329619,48.227101,"Annales Mellicenses, Continuatio Mellicensis, ed. W. Wattenbach MGH SS 9 (1851)",9:506,"Pluvia maxima repente effusa est, et inundatione facta multi homines perierunt, 3. Kal. Iunii die dominico circa meridiem. Item tempore messis 5. Id. Aug. pluvia incipiente, et septem dies continuos durante, Danubius aquarum habundantia supra duos cubitos intumescens, continua aedificia plurima ingurgitavit, et effusus per campestria, que messa fuerant auferens, vineta quoque et prata sabulo sternens, in suo tractu maximam cladem exercuit. Reliqua passim per agros tam ea que messa fuerant, quam que meti non poterant, putruerunt.(heavy rains, flooding v, rains from viii.09-16, Danube floods (again), ruins grape grain harvest)",2,0,2
25,1217,n,CE,y,0,a,Cologne,6.959912,50.940664,"Chronica regia Colonienses, Continuatio II, ed. G. Waitz MGH SRG [18] (1880)",195,Estas sicca et nimium fervida. (summer dry and too hot),2,0,2
27,1221,p,SEG-NEG,y,0,ab,Beauvais,2.081069,49.429290,"Continutatio S. Dionysii, Cotton MS, ed. H.F. Delaborde, Oeuvres de Rigord et de Guillaume le Breton (Paris 1882-5)",1:331,"In eodem anno sextarius annone venditus fuit Parisius xvi solidis Parisiensium, et fuit raritas frugum per universum regnum Francie, a mari Anglie usque ad alveum fluminis Ligeris. Tempore quo frequentabantur nundine Endicti prope Sanctum Dionysium, tante et tam frequenter oriebantur tempestates horridissime, quod infra octo dies interfecti fuerunt in pago Belvacensi et Parisiaco per loca ictibus fulminum quadraginta homines et quidam auriga et jumentum suum in exitu Endicti fulminati sunt die Jovis post festum sancti Johannis. In castro quod dicitur Petrafontis, dum presbyter divinis intenderet sacramentis, ita tonuit et pluit quod in eadem ecclesia quinque homines mortui fuerunt, et ipse sacerdos et viginti quatuor alii homines adeo lesi et vulnerati fuerunt, quod longo tempore post vix convalescere potuerunt ; calix in altari fuit comminutus per frusta, Eucharistia remanente integra et intacta. Sequenti die Veneris, ante festum beati Petri-ad-vincula, fulminata et damnificata est domus Eleemosyne juxta ecclesiam Beate Marie Parisius, et domus Eleemosyne an te ecclesiam Sancti Stephani de Monte ; et in duobus aliis locis ceciderunt fulmina in Parisiaca civitate ; quidam carpentarius fuit fulmine interfectus. (From 9.vi-30.vii (Lendit fair of that year to Friday before feast of St. Peter ad vincula) strong and frequent storms, many people killed and buildings struck by many lightning storms and a flood. Wheat prices soar, and cereal shortage from English channel to Loire.)",1,0,1
28,1221,p,SEG-NEG,y,0,ab,Cracow,19.944980,50.064650,"Annales Polonorum IV AND Annales Cracovienses compilati, ed. R. Röpell and W. Arndt, MGH SS 19 (1866)",19:632 AND 19:595,(3 years of rain and floods in Poland),2,1,3
32,1221,p,SEG-NEG,y,1,ab,Leuven,4.702139,50.879268,"Annales Parchenses, ed. G.H. Pertz MGH SS 16 (1859)",16:607,"flood: facta est inundatio apud Lovanium, que transivit refectorium versus atrium.",1,0,1
29,1221,p,SEG-NEG,y,0,ab,Paris,2.350987,48.856667,"Continutatio S. Dionysii, Cotton MS, ed. H.F. Delaborde, Oeuvres de Rigord et de Guillaume le Breton (Paris 1882-5)",1:331,see above,3,0,3
30,1221,p,SEG-NEG,n,0,b,Winchester,-1.316504,51.062940,"J. Titow, ""Evidence of weather in the account rolls of the bishopric of Winchester 1209-1350,"" The Economic History Review, New Series 12 (1960)",366,summer drought,2,2,4
31,1221,p,SEG-NEG,n,0,b,Wittewierum,6.746284,53.286459,"Emonis et Menkonis Werumensium Chronica, ed. L. Weiland, MGH SS 23 (1874)",23:495,great drought,0,2,2
33,1270,n,SEG-NEG,n,0,b,Basel,7.580611,47.559614,"Annales Basileenses, ed. Ph. Jaffé, MGH SS 17 (1861)",17:193-194,"floods, high Rhine c. 25 July",1,1,2
34,1270,n,SEG-NEG,n,0,b,Cracow,19.944980,50.064650,"Annales Polonorum IV AND Annales Capituli Cracoviensis, ed. R. Röpell and W. Arndt, MGH SS 19 (1866)",Ann. Polonorum: SS 19:638; Ann. Capit. Cracov. 19:604,great flood 22-27 July,2,1,3
37,1270,n,SEG-NEG,y,1,ab,Cracow,19.944980,50.064650,"Canonicorum Pragensium Continuatio Cosmae, ed. *G. Pertz MGH SS 9 (1851)",SS 9:180,"winter & spg crops died, fruit mediocre, wine abundant",2,1,3
35,1270,n,SEG-NEG,y,0,ab,Niederalteich,13.025608,48.766113,"Herman of Niederalteich, Hermanni Altahensis Annales, ed. *G. Pertz MGH SS 17 (1861)",SS 17:406,"drought destroys seedlings, abundant wine harvest",2,0,2
36,1270,n,SEG-NEG,n,0,b,Wittewierum,6.746284,53.286459,"Cronica Floridi horti, in Kroniek van het klooster Bloemhof te Wittewierum, ed. H.P.H. Jansen 449 and A. Janse (Hilversum, 1991)",448,"In 1271 the chronicler records that hunger and a sheep mortality increased because it was the third year of constant rain, i.e. 1269 and 1270 had also been very rainy. 1272 was the 4th year of rain: grain harvest very poor in Frisia, had to be imported from Denmark and Slavic countries where harvests were abundant. Eodem anno [1271] cepit crescere fames et ovium pestilentia propter iugem pluviam trium annorum.  ….[in 1272] propter nimiam pluviam per quatuor annos nimis modicum creverat frumentum, et maxime in Silvis [=de Wolden], ubi aliis temporibus solebat abundare; nec etiam in Threntia [Drente], nec secus Emesam [i.e. area around the Ems, nec alibi ad emendum inveniebatur, nisi in Dacia [Denmark] et Slavia [the Slavlands], ubi Dominus, qui irascitur et miseretur, dedït magnam copiam frumenti..... The entry for 1270 is almost entirely devoted to the 9th Crusade and the role of Frisian participants, hence probably the failure to mention the rain in that year.",0,2,2
38,1278,n,NEF-NEG,y,0,a,Konstanz,9.172061,47.661279,"Konstanzer Chronik, ed. F.J. Mone, Quellensammlung der badischen Landesgeschichte, vol. 1 (1848)",1:313,"After very cold winter --Bodensee frozen solid on ii.14-- Spring, summer, winter dry, ""edel"" (""fine""): good wine harvest, good grain harvest",2,1,3
39,1278,n,NEF-NEG,y,0,a,Steterburg,10.469725,52.194753,"Gesta Praepositorum Stederburgensium continuata, ed.Georg Waitz,  MGH SS 25 (1880)",25:729,cold and then dry weather ruins crops,1,0,1
40,1287,n,NEF-NEG,y,0,a,Provins? Champagne in any case,3.302425,48.559207,"Chronique rimée dite de Saint-Magloire, 175-94, ed. N. de Wailly and L. Delisle, RHGF 22 (1860)",22:84-85,"drought all summer; fountains dry, Good wine, good harvest of wheat, bad harvest of hay, oats, fall cheeses bc drought.",1,0,1
41,1287,n,NEF-NEG,y,0,a,Winchester,-1.316504,51.062940,"J. Titow, ""Evidence of weather in the account rolls of the bishopric of Winchester 1209-1350,"" The Economic History Review, New Series 12 (1960): 360-407",377,very dry summer,2,2,4
42,1309,p,NEF-SEG,y,0,ab,Dinant,4.912185,50.260608,"La chronique liégeoise de 1402, ed. E. Bacha (Brussels, 1900)",257,"flood at Dinant after storm, after viii.15",1,0,1
43,1309,p,NEF-SEG,y,0,ab,Erfurt,11.022399,50.973735,"Chronica S. Petri Erfordensis, ed. O. Holder-Egger, MGH SRG 42 (1899)",340,flood ca. vii.17,2,0,2
46,1309,p,NEF-SEG,y,1,a,Tours,0.688851,47.390294,"Chronicon Turonense abbreviatum, ed. André Salmon, Recueil des chroniques de Touraine (Tours, 1854)",198,"Hoc anno propter inundationem aquarum, rupti fuerunt pontes Turonis et pluribus aliis locis. (Wider Tours region, floodg destroys bridges at Tours and many other places: season not specified, so presumably = normal, i.e. spring.)",1,0,1
44,1309,p,NEF-SEG,n,0,b,Winchester,-1.316504,51.062940,"J. Titow, ""Evidence of weather in the account rolls of the bishopric of Winchester 1209-1350,"" The Economic History Review, New Series 12 (1960): 360-407",383,S England v dry summer; autumn wet?,2,2,4
47,1326,n,NEF-SEG,y,0,a,Caen,-0.360149,49.184712,"Chronicon S. Stephani Cadomensis, ed. N. de Wailly, L. Delisle, and C.M.G.B. Jourdain, RHGF 23 (1876)",493,drought in Normandy: tanta siccitas in partibus istis quod eciam fontes siccaverunt.,1,0,1
48,1326,n,NEF-SEG,y,0,a,Egmond aan Zee,4.627060,52.618545,"William of Egmond, Willelmi capellani in Brederode...Chronicon, ed. C. Pijnacker Hordijk, Historisch genootschap (gevestigd te Utrecht) 3rd series, 20 (Amsterdam, 1904)",196-197,"Estas presentis anni autumpno utique siccissimo binis proximo preteritis per multa non congruit, quum in illis major siccitas, in hac vero pluviarum et tempestatum humiditas habundavit, quarum tempestatum XVI° kal. Junii apud Sciedam et in illis finibus horror cernitur, ubi dyabolo visibiliter comparente et in elementis cuncta, que voluit, operante tam clerus quam populus ad ecclesiam festinare dicitur. (drought)",2,0,2
49,1326,n,NEF-SEG,y,0,a,Tournai,3.388450,50.605866,"Chronique Tournaisienne, ed. A. Hocquet, Croniques de Franche, d'Engleterre, de Flandres, de Lile et espécialement de Tournay, Société des bibliophiles belges séant à Mons 38, Mons 1938,",44,,2,1,3
50,1326,n,NEF-SEG,y,0,a,Zbraslav,14.393434,49.976058,"Peter of Zittau, Chronicon aulae regiae, ed. J. Emler, Fontes rerum Bohemicarum 4 (Prague, 1884)",4:276,"hiemps fuit dura et aspera, per cuius hiemis asperitatem quam plurime fructuose et delicate arbores cum vinearum vitibus quasi radicitus in Alemanie partibus perierunt; estas sicca sine pluvia, inde semina estivalia defecerunt, hiemalibus tamen segetibus provenientibus competenter. (good spring grain harvest, poor summer harvest because of drought)",1,0,1
51,1350,p,SEG-NEG,y,0,ab,Angers,-0.549034,47.469446,"Annales S. Albini Andegavensis, Codex A note, ed. L. Halphen, Recueil d'annales angevines et vendômoises (Paris, 1903)",40-41,"heavy rains  from 1349 to viii1351, causing great famine, but great harvest in 1352",1,0,1
53,1350,p,SEG-NEG,n,1,b,Konstanz,9.172061,47.661279,"Heinrich Truchsess von Diessenhofen, Chronica, ed. J. F. Boehmer, Fontes rerum germanicarum, 4 (Stuttgart, 1868)",75,"good weather durg year until xi: ; cf. Year begins in archdioc Mainz on 25.xii, Bresslau 2:432, but phrasing here suggests it is later: Ipse autem annus cum magno temperie aeris incepit et permansit usque ad festum beati Andree (xi.30), et deinceps pluvia habundabat versus Nicolai (6.xii) sed deinceps frigus erat usque ad purificationem (2.ii). temperies seems to mean ""mildness"" notwithstanding ref to abundant rains ca. 6.xii unclear whether temperies excludes rain.",2,1,3
55,1350,p,SEG-NEG,y,1,ab,Ratiboř,17.912699,49.367218,"Annales Ratiborienses, ed. A. Wetzel, Zeitschrift des Vereins für Geschichte und Althertum Schlesiens  (1862)","4:114-26, 115","Oder: 100 yr-flood: Odra fuit tam magnus, quod infra centum annos non fuit major, quia tunc omnes piscine circumadiacentes rupte erant, et oia in campis perierunt.",1,0,1
52,1350,p,SEG-NEG,y,0,ab,Tournai,3.388450,50.605866,"Chronique et annales de Gilles le Muisit, abbé de Saint-Martin de Tournai (1272-1352), ed. Henri Lemaître (Paris, 1906)",259; 269;,"no freeze but heavy rains from x1349 to (at least)  ii1350, unusual fl in Scheldt and other rivers, meadows bcm lakes; also France: people expected disease (prayer to St. Sebastian), 259 ; iii dry and rather pleasant; iv: incompositus (""changeable""?), frigidus, et ventosus 268; summer fairly warm and dry (estas satis calida et gratiosa, i.e. pleasant): wonderful growth of grains and vines, leading to great expectations for harvest; calidum et amenum (""hot and pleasant"") until first days viii; heavy rains until last week viii damage harvests, after last week viii weather bcms amenum (""pleasant"") again, 269 :  heavy mortality from plague esp workers, salaries demands 267-8",2,1,3
60,1353,n,NEF-SEG,y,1,a,Battle Abbey,0.486809,50.914296,"P. F. Brandon, ""Late-medieval weather in Sussex and its agricultural significance,"" Transactions of the Institute of British Geographers, 54 (1971): 1-17",3,dry spring in Sussex:,2,0,2
56,1353,n,NEF-SEG,y,0,a,Konstanz,9.172061,47.661279,"Heinrich Truchsess von Diessenhofen, Chronica, ed. J. F. Boehmer, Fontes rerum germanicarum, 4 (Stuttgart, 1868)",88,"vi: beautiful hot weather, impossible to plow (i.e. dry so damages plows? Cf England), no hail:",2,1,3
61,1353,n,NEF-SEG,y,1,a,Strasburg,7.743749,48.582933,"Continuatio Argentinensis of the Chronicle of Mathias von Neuenburg, in Die Chronik des Mathias von Neuenburg, ed. A. Hofmeister, SRG n.s. 4 (Berlin, 1924)",468,good grape harvest in Alsace,1,0,1
57,1353,n,NEF-SEG,n,0,b,Tournai,3.388450,50.605866,"Chronique et annales de Gilles le Muisit, abbé de Saint-Martin de Tournai (1272-1352), ed. Henri Lemaître (Paris, 1906) 311",311,"(If Gilles is indeed referring to winter 1352-3 and not 1351-2): mild winter little snow, freezing; v dry, i and ii very mild: water shortage iii: started out v cold, big snow, but did not last:   A big rainstorm  ca 12.iv: Croniques de Franche, d'Engleterre de Flandres, de Lile et espécialement de Tournay, ed. A. Hocquet (Publications, Soc. des bibliophiles belges séant à Mons, 38: windstom 12.iii wrecks many chimneys etc., Et après xxxi jours pleut si fort que touttes les cauchies furent descirées, voire de la rue de Coulongne (!) et le Chainglre, et furent aucun celier si plain d'éave que les tonniaux de vin flotoient""; exceptionally heavy rains, flooding viii : poem included in + chron itself Chronique de Tournai, ed. J. J. de Smet, Corpus chronicorum Flandriae, 3(Bxl, 1856).180 GB",2,1,3
62,1359,p,NEF-SEG,y,0,a,Battle Abbey,0.486809,50.914296,"J. Titow, ""Le climat à travers les rôles de comptabilité de l'évêché de Winchester (1350-1450)"", Annales. Économies, sociétés, civilisations 25 (1970): 312-350",318,wet from July to October,2,0,2
63,1359,p,NEF-SEG,y,0,a,Chalon,4.852948,46.784218,"Henri Dubois, Les Foires de Chalon et le commerce dans la vallée de la Saône à la fin du Moyen âge : vers 1280--vers 1430 (Paris, 1976)",253,summer floods,1,0,1
64,1359,p,NEF-SEG,y,0,a,Eichstätt,11.185246,48.891041,"Die Chronik Heinrichs Taube von Selbach, ed. Harry Bresslau MGH SRG new series 1 (Berlin, 1922)",114,"powerful flood destroys gate, moves big stones: 29.vi after heavy rainstorm",1,0,1
65,1359,p,NEF-SEG,y,0,a,Mainz,8.267426,49.995123,"Chronicon Moguntinum (attrib. to Johannes Kungstein), ed. C. Hegel.  MGH SRG [20] (Hanover, 1885)",7,"The Rhine flooded more than at any time in the previous 10 years; constant rain from 24.vi-8.ix; very few rays of the sun. Rhenum inundavit magis quam antea unquam in decem annis….Eo tempore continuate sunt pluvie super terram a festo nativitatis Iohannis baptiste usque ad nativitatem Marie virginisginis, et fuit aura nimium distemperata, quia raro potest contingi aliqua dies nisi plueret, et ex hoc magnus timor incussus est hominibus, nec radii solares nisi rarissime directi sunt super terram.",3,0,3
66,1359,p,NEF-SEG,y,0,a,Paris,2.350987,48.856667,"Chronique des règnes de Jean II et de Charles V, ed. R. Delachenal (Paris, 1910)",1:248,vii-beginning ix v rainy; wheat  germinated in fields; wine v exp; mad e worse by warfare.,3,0,3
68,1359,p,NEF-SEG,y,1,a,Valenciennes,3.523271,50.357722,"Chronique valenciennoise, ed. E. Delcambre, ""Une chronique valenciennoise inédite,"" Bulletin de la Commission royale d'histoire 94 (1930).1-102; Jean Froissart, Chroniques, par. 459, ed. S. Luce, 5 (Paris, 1874). 202.","Chron. Valenc., par. 98, p. 86; Froissart, 5:202","Scheldt floods ii [Chron Valenciennoise]; x-xi: English army's horses have problems in Artois and Picardy, bc so rainy, wine harvest failed bc of rains [Jean Froissart Chroniques]",1,0,1
67,1359,p,NEF-SEG,y,0,a,Zwettl,15.165900,48.605450,"Continuatio Zwetlensis quarta, ed. W. Wattenbach, MGH SS 9 (1851)",9:688,heavy rain all summer,1,0,1
70,1368,n,SEG-NEG,y,0,ab,Mainz,8.267426,49.995123,"Chronicon Moguntinum (attrib. to Johannes Kungstein), ed. C. Hegel.  MGH SRG [20] (Hanover, 1885)",21 (and cf. 20),"hot summer clear weather of most suitable sort even as winter had been mild and snowless, and no hail in summer; rains started only 8.ix and lasted until 29.ix so wine harvest accelerated. Ista estas erat calida et optima in temperie aeris, sicut melius poterat convenire, et precedens hiems fuit tam suavis et bona, quod aliquod frigus non apparuit in ea et transivit sine nivibus, sicut eciam estas predicta sine grandine nocente. Circa festum nativitatis Marie incepit aer distemperari cum pluviis et ventis, et duravit usque Michaelis, et acceleravit vindemia. Tunc mensura novi vini solvebat tres antiquos hallenses, et siligo solvebat libram etc 9 alb. 1 flor.",3,0,3
75,1368,n,SEG-NEG,y,1,ab,Metz,6.172696,49.116127,"Philippe de Vigneulles, Chronique, ed. C. Bruneau, La chronique de Philippe de Vigneulles (Metz, 1927-1938), here 4(1929).63",4:63,"After a food shortage with high prices, at harvest the good wheat harvest caused drop in price from 32 s. to 10 s. wine harvest, by St Remigius'feast (1 October?) it had dropped to 9 s., and by Easter, to 5 s. Wine too droppe from 50 s to 20.",2,1,3
72,1368,n,SEG-NEG,y,0,ab,Prague,14.420460,50.087811,"Benesch of Weitmüll [alias Beneš of Weitmil], ed. J. Emler, Fontes rerum Bohemicarum 4(Prague, 1884), 457-548",538,"big spring drought begins in iv, poor summer harvest of wheat",4,2,6
73,1368,n,SEG-NEG,n,0,b,Stuttgart,9.180769,48.777106,"Annales Stuttgartienses, ed. von Stählin, ""Annales Stuttgartienses. Jahrbücher des Stifts zum h. Kreuz in Stuttgart,"" Württembergische Jahrbücher 32 1849 [1851]. 1-30",60,great flood ruins hay and linen (=viii),0,1,1
76,1393,n,NEF-SEG,y,0,a,Limburg an der Lahn,8.059474,50.386607,"Tilemann Ehlen von Wolfhagen, Limburger Chronik, ed. A. Wyss, 166, MGH Deutsche Chroniken 4.1 (1883)",4:86,"hot summer: good wine, dry streams lowest in 40 years includg Rhine: ""Unde in dem andern jare wart gut win, unde galt di qwarte zwene engels. Unde was der somer also hei, daz der Rin unde ander alle flißende waßer also kleine waren, als mani binnen virzig jaren zubefornt i mochte gesen.""",2,0,2
77,1393,n,NEF-SEG,y,0,a,Mainz,8.267426,49.995123,"Chronicon Moguntinum (attrib. to Johannes Kungstein), ed. C. Hegel.  MGH SRG [20] (Hanover, 1885)",66,"very dry summer, streams dry up, cost of milling very dear, Rhine very low: partially could be crossed on foor, not much wine but excellent, poor cabbage harvest because of drought: estas multum sicca, ita quod molendo fuit multum carum et, nisi ripa notabiliter fuerit magna, aqua caruit, et Rhenus tam exiguus extitit, quod in medio Rheni circa cloacam magis siccus partim hominibus transitus patuit. Eodem anno quasi nullum Maguncie compositum [G. Kompost, Kraut, Kappis] crevit propter nimiam siccitatem et propter erucas ipsum corrodentes.",3,0,3
78,1393,n,NEF-SEG,y,0,a,Melk,15.329619,48.227101,"Annales Mellicenses, Continuatio Mellicensis, ed. W. Wattenbach, MGH SS 9 (1851)",9:514,great drought; hardly any could remember such:,2,0,2
79,1393,n,NEF-SEG,y,0,a,Prague,14.420460,50.087811,"Chronicon Bohemiae, ed. K. Höfler, Fontes rerum Austriacarum, Scriptores 6 (Vienna, 1856), 7-8.",7-8,Moldau dries up in summer: cld be crossed using a short piece of wood (brevem asserem) with dry feet; what water there was turned so green that people were afraid to cook with it and got well water.,4,2,6
80,1393,n,NEF-SEG,y,0,a,Zurich,8.538033,47.369024,"Chronik der Stadt Zürich, ed. J. Dierauer, Quellen zur Schweizer Geschichte 18 (Basel, 1800)",159,"after heavy snow freeze from Xmas until iii, hot weather: even so on 26.vi the water of the Zurichsee was as cold as any well, in fact, at the Water Wheel, one could hardly drink it was so cold. Summer hot and dry, no rain for 13 weeks; wells which never dried up did dry, lake level down low, early grape flowerg""(pre 16.vi), good wine, good wheat harvest, poor ""little cereals"" (smalsad).",1,0,1
81,1394,n,SEG-NEG,y?,0,a,Winchester,-1.316504,51.062940,"J. Titow, ""Le climat à travers les rôles de comptabilité de l'évêché de Winchester (1350-1450)"", Annales. Économies, sociétés, civilisations 25 (1970): 312-350",328,summer v dry,2,2,4
83,1397,n,SEG-NEG,y,1,a,Limburg an der Lahn,8.059474,50.386607,"Die Limburger Chronik, ed. A. Wyss, MGH Deutsche Chroniken 4,1 (1883)","Dt. Chron 4,1: 92, entry 197; 94, entry 202.","flood Feb 16; vines flower in v, ripe in vi, wheat harvested 10.vi at Coblence: good wine Tilemann Ehlen v Wolfhagen, 4.1883: 92, 94 (excell grain/wine harvest); harvest dates from Limburger Annalen, Rec A ib 112",2,0,2
82,1397,n,SEG-NEG,y,0,a,Vienna,16.372778,48.209206,"Wiener Annalen, ed. J. Seemüller, MGH Deutsche Chroniken 6 (1909)",237-238,"great heat, worst drought in Austria in livg memory: no rain for many weeks from 15.iv, rare rains in early July; good wheat poor oats",1,0,1
84,1433,p,SEG-NEG,y,0,a,Bamberg,10.885527,49.894218,"Multiple contemporary witnesses in: Curt Weikinn, Quellentexte zur Witterungsgeschichte Europas von der Zeitwende bis zum Jahre 1850, 1 (Berlin, 1958)",1:350-2,"high point of flooding vi (in Thuringia, Bamberg, Nürnberg etc) :",1,0,1
85,1433,p,SEG-NEG,y,0,a,Cologne,6.959912,50.940664,"Cölner Jahrbücher, ed. [H.] Cardauns, Chroniken der deutschen Städten vom 14. bis ins 16. Jahrhundert 13 (Leipzig, 1876)",167,high water all year,2,0,2
86,1433,p,SEG-NEG,y,0,a,Prague,14.420460,50.087811,"Historia Bartossek seu Bartholomaei de Drahonicz, as quoted by Curt Weikinn, Quellentexte zur Witterungsgeschichte Europas von der Zeitwende bis zum Jahre 1850, 1 (Berlin, 1958)",349,"wet weather, flooding from March 25 to July 13",4,2,6
87,1433,p,SEG-NEG,y,0,a,Weissenfels a/Saale,11.966723,51.199830,"K. A. G. Sturm, Kleine Chronik der Stadt Weissenfels (Weissenfels, 1869), 55 as quoted by as quoted by Curt Weikinn, Quellentexte zur Witterungsgeschichte Europas von der Zeitwende bis zum Jahre 1850, 1 (Berlin, 1958)",350,Saale floods in May and June,1,0,1
88,1434,n,NEF-SEG,y,0,ab,Leiden,4.490153,52.161087,"local archives: Jan Buisman, Duizend jaar weer, wind en water in de Lage Landen (Franeker, 1996)",524,drought in summer,1,0,1
89,1434,n,NEF-SEG,n,0,b,Magdeburg,11.636701,52.130956,"""Schöffenchronik,""  ed. Karl Janicke, Chroniken der Deutschen Städten vom 14. bis ins 16. Jahrhundert 7:1 (1869).",380,ca 25 vii: highest in 100 yrs,0,1,1
90,1434,n,NEF-SEG,y,0,a,Nürnberg,11.080480,49.450520,"Nürnberger Chronik bis 1434 (1441), ed. T. von Kern, Chroniken der deutschen Städte 1 (Leipzig, 1862)",393,"Between 28.iii and 31.v freezing and drought; then began freq rain in vi, vii, vii and a flood: In dem jar nach ostern in dem maien da erfruren die wein gemeinlich in Francken und frucht und obs und ander ding allenthalben gemeinlich von reif und gefrust und wints wegen, und wart grosse durren darnach untz auf Petronelle. da regnet es darnach ie und ie lang und verderbte ser alles getrait, dass man nicht geschneiden mocht noch kunt, und wurden vil guss nach einander untz auf den herbst; von dem regnet es disen monast gantz, dass man nicht geseen mocht vor wasser untz auf das new [jar? ed.]. da war es schon hinnach.",1,0,1
91,1434,n,NEF-SEG,y,1,ab,Paris,2.350987,48.856667,"Journal d'un Bourgeois de Paris: A Parisian Journal  1405-1449, tr. J. Shirley (Oxford, 1968), in Jan Buisman, Duizend jaar weer, wind en water in de Lage Landen 2 (Franeker, 1996)",523-524,Paris: iii: dry and as warm as summer; iv v dry also,3,0,3
92,1434,n,NEF-SEG,y,1,ab,Veluwe,5.877690,52.146970,"local archives: Jan Buisman, Duizend jaar weer, wind en water in de Lage Landen (Franeker, 1996)",524,v: Meuse is low,1,0,1
93,1436,p,SEG-NEG,y,0,a,Dortmund,7.463573,51.512054,"Chronik des Johann Kerkhörde von 1405-1465, ed. J. Franck and J. Hansen, Die Chroniken der deutschen Städte 20 (Leipzig, 1887)",54,"4 June, such great rainfall that worst flood ever seen occurred in the town",1,0,1
94,1436,p,SEG-NEG,y,0,a,"Karlštejn, Czech Republic",14.187095,49.937744,"Historia Bartossek seu Bartholomaei de Drahonicz, ed. G. Dobner, in Monumenta Historica Boemiae 1 (Prague, 1764), 194-195",194-195,ca. 13.vii: flood which washed away mill and house in a great lightning and thunder storm. The thunder that year was unlike anything similar for years.,1,0,1
95,1436,p,SEG-NEG,y,0,a,Rozendaal-Veluwe-Arnhem,5.964083,52.007596,"local archives: Jan Buisman, Duizend jaar weer, wind en water in de Lage Landen (Franeker, 1996)",537,rainy parts of spring/summer,1,0,1
96,1464,n,SEG-NEG,n,0,b,Liège,5.622862,50.585405,"Adrien d'Oudenbosch, ""Hist. de Liége sous le regne des eveques Jean de Heinsberg et Louis de Bourbon,"" trans. J. Alexander,  Pub. De la societe d. biblioph. Liégeois,"" 36, p. 101; quoted in Weikinn, Quellentexte zur Witterungsgeschichte Europas von der Zeitwende bis zum Jahre 1850.  (Berlin, 1958-)",Weikinn 1:393,"heavy rains, fl ca. 25.vii",1,1,2
97,1464,n,SEG-NEG,n,0,b,Prague,14.420460,50.087811,"J.F. Hammerschmid,  ""Prodromus gloriae Praaenae"", p.698; quoted in Weikinn, Quellentexte zur Witterungsgeschichte Europas von der Zeitwende bis zum Jahre 1850, 1  (Berlin, 1958)",393,"ca. 24.vi fl caused by rain: Moldau, Prague:",4,2,6
98,1464,n,SEG-NEG,y,0,ab,Soest,8.108287,51.570053,"""Auszüge aus den Soester Stadtbüchern,"" ed. T. Ilgen, in Die Chroniken der deutschen Städte vom 14. bis ins 16. Jahrhundert, vol. 24 (Leipzig, 1895).",51 s.a.,"Westphalia: v and summer very dry; flax, oats grew poorly",2,0,2
100,1464,n,SEG-NEG,y,0,a,Wroclaw,17.038538,51.107885,"""Jahrbücher der Stadt Breslau von Nikol. Pol,"" ed. JG Büsching, II:49, quoted in Weikinn, 1:393-4;  and many other citations from Poland, ib. 395-7:  also Memmingen 8.ix fl, Memminger Chronik, ib 393. Monasery Trebnicza, Silesia: Koblitz, Kamencz, ca viii.15",Weikinn 1:393-394,"heavy rains, fl 14-16.viii, i.e. only recorded in late summer, therefore no contradiction with the dendro record of spring precipitation",1,0,1
99,1464,n,SEG-NEG,y,0,ab,Zierikzee:,3.924075,51.652843,"J.G. Smit, ""Éen Zierikseese kroniek,"" Kroniek van het land van de zeemeermin [Schouwen-Duiveland] 16 (1991), 21-40",27,"great drought, low price of wheat",1,0,1
103,1474,p,NEF-NEG,y,1,a,Basel,7.580611,47.559614,"J. Knebel, ""Diarium,"" in Basler Chroniken, 2: 94;  quoted in Weikinn, Quellentexte zur Witterungsgeschichte Europas von der Zeitwende bis zum Jahre 1850, 1 (Berlin, 1958)",415,"heavy rains Alsace, much snow in Alps v:",1,1,2
101,1474,p,NEF-NEG,y,0,a,Bilzen,5.518027,50.870736,"""Chronijk der landen van Overmaas,"" ed. J. Habets, Public. De la soc. Hist. et archéol. Dans le duché de Limbourg,"" 7:35; quoted in Weikinn, Quellentexte zur Witterungsgeschichte Europas von der Zeitwende bis zum Jahre 1850.  (Berlin, 1958-)",Weikinn 1:415,Bilsen: cloudburst causes big flood 20viii,2,0,2
102,1474,p,NEF-NEG,y,0,a,Lubań,15.289390,51.117914,"J.G. Gründer, ""Chronik d. Stadt Lauban,"" p. 174; quoted in Weikinn, Quellentexte zur Witterungsgeschichte Europas von der Zeitwende bis zum Jahre 1850.  (Berlin, 1958-)",Weikinn 1:415,"flood, 26.vi",1,0,1
105,1487,p,SEG-NEG,n?,1,b,Metz,6.172696,49.116127,"Jehan Aubrion, Journal: Journal de Jehan Aubrion bourgeois de Metz avec sa continuation par Pierre Aubrion, 1465-1512, ed. Lorédan Larchey, Metz, 1857",192,"Fine weather began on 19 February: it froze every AM, but the weather was so fine that it seemed to be mid-summer, and it stayed that way until 17 March when the rain came. But good wheat and (194) wine harvest",2,1,3
104,1487,p,SEG-NEG,y,0,ab,Utrecht,5.122748,52.091262,"local archives cited by J. Buisman and A.F.V. van Engelen, Duizend jaar weer, wind en water in de Lage Landen 3 (Franeker, 1998)",184,Twente (Utrecht): wet summer,1,0,1
106,1503,n,CE,y,0,a,Liège,5.622862,50.585405,"""Annotations  sur les années 1401 à 1506,"" ed. S. Balau and E. Fairon, Chroniques liégeoises 2 (Brussels, 1931).237-272",,"summer warm & dry: no rain for 4 mos: ""... l'hyver fut durs, aspre et long et l'esté fort chault, dur et sèche, car en quattre moys ne pleut, tellement que les herbes devindrent sèches avant venir à parfaicte croissance et maturation. On ne eut aulcunes aveines, peu de bledz et fut grande mortalité entre les pourceaux.""",1,1,2
107,1503,n,CE,y,0,a,Mellingen,8.273599,47.418772,"T. von Liebenau, ed. ""Chronik des Anton Tegerfeld,"" Argovia 14 (1884): 209-300",216,"hot summer hurts germinating garden crops, onion",2,0,2
108,1503,n,CE,y,0,a,Metz,6.172696,49.116127,"Jehan Aubrion, Journal: Journal de Jehan Aubrion bourgeois de Metz avec sa continuation par Pierre Aubrion, 1465-1512, ed. Lorédan Larchey, Metz, 1857",445-446,"drought in May-17 June: ""Item, le moix de may fut bel et chault, et fit sy grant chaleur qui durait par tout le mois, et encore jusques au sabmedy, xvije de jung, que, durant le dit temps, il n'avoit point cheu une seule goule d'eawe, en telle manière que tout sachoit et se perdoit. Et estoient les herbes touttes saches, et les eawes sy merveilleusement cortes, que chacun s'en donnoil grant merveille. Laquelle pluye, qui cheut le dit sabmedy, fit tant de bien sur la terre que on ne pouroit croire, tant pour les vignes, bley et avenne, comme pour touttes aultres.""",2,1,3
109,1503,n,CE,y,0,a,Mörs,6.621720,51.453042,"Henricus van der Heyden, Chronicon Campense,  ed. H. Keussen,  Chronicon monasterii Campensis ordin. Ciserciensis,"" Annalen des historischen Vereins Niederrhein 20.1869.261-360",352,"Summer was very hot and dry, such that crops of soil and trees in many places withered and in some places grew. Many of the ditchs around the monastery and woods and fields were redug because of the dryness of the earth. ""Anno domini 1503 fuit estas nimis calida et arida. ita fructus terre et arborum in multis locis exaruerunt et in aliis locis competenter creuerunt. Et eodem anno propter terre siccitatem renouata fuerunt multa fossata circa monasterium Campense et circa nemora et agros.""",2,0,2
110,1504,n,CE,y,0,a,Bilzen,5.518027,50.870736,"""Chronijk der landen van Overmaas en der aagrenzende gewesten,"" ed. J. Habets, Publications de la société historique et archéologique dans le duché de Limbourg 7 (1870).5-197",121,"very dry summer: ""Item in dit selve joere vurs. So waest eyn ser drughe somer.",2,0,2
111,1504,n,CE,y,0,a,Mellingen,8.273599,47.418772,"T. von Liebenau, ed. ""Chronik des Anton Tegerfeld,"" Argovia 14 (1884): 209-300",217,"hot summer hurts germinating garden crops, onion",2,0,2
112,1504,n,CE,y,0,a,Mörs,6.621720,51.453042,"Henricus van der Heyden, Chronicon Campense,  ed. H. Keussen, ""Chronicon monasterii Campensis ordin. Ciserciensis,"" Annalen des historischen Vereins für den Niederrhein 20 (1869): 261-360",355,"long hot summer almost without rain, such that shrubs dried up in many places and not much wheat grew. Caterpillar plague in May: ""Anno domini 1504 fuit estas longa sicca et calida et quodammodo sine pluuia ita ut arbusta in multis exaruerunt et pauca blada creuerunt. Eodem tempore in mense maio fuit plaga erucarum innumerabilium que fructus et folia arbor um deuastauerunt sic quod in multis locis parum creuerunt et glandes et faga omnino defecerunt.""",2,0,2
113,1504,n,CE,y,0,a,Soest,8.108287,51.570053,"""Auszüge aus den Soester Stadtbüchern,"" ed. T. Ilgen, in Die Chroniken der deutschen Städte vom 14. bis ins 16. Jahrhundert, vol. 24 (Leipzig, 1895).",24: 90,"v hot (v dry) plants die, summer lasted until ix.2",2,0,2